Filename,Subject,Vowel,Duration,Z_Duration

subj26_f_pica_42,subj26,i,0.26546074388212304,3.363412243034848







subj67_m_quite_198,subj67,i,0.01379019973390427,-2.7693459712329087




