Filename,Subject,Vowel,F0,Z_F0,Correction
e_subj49_f_seque_226,subj49,e,108.76057690195164,-2.5634919661997566,0
e_subj39_f_seque_175,subj39,e,121.0361463618448,-2.5332479997475708,0
