Filename,Subject,Vowel,F1_50,Z_F1_50,F2_50,Z_F2_50,F3_50,Z_F3_50,F4,Z_F4

i_subj9_m_quita_357,subj9,i,345.2342694480465,2.7635582267296543,1556.8540768361524,-3.530603871198373,2404.243066318484,-2.0424080715661805,3061.180079988889,-3.3077363720098854
i_subj56_m_quite_181,subj56,i,2159.523739190238,3.6109426883851374,2160.572760355946,-1.562922078691651,2153.7584403414544,-2.9901854777584225,2140.056999762673,-3.5109154324973115
