Vowels,Values
"['o', 'u']",1.5725045225162477
"['o', 'e']",2.8005081507250806
"['o', 'i']",3.2674467859791556
"['o', 'a']",2.587765657466532
"['u', 'e']",2.736387073255999
"['u', 'i']",2.516252908829528
"['u', 'a']",3.2992418560557484
"['e', 'i']",3.3462159092709527
"['e', 'a']",3.3556131473800477
"['i', 'a']",4.434063438342118
