Vowels,Values
"['o', 'u']",1.2664868475157296
"['o', 'e']",2.4642846752582073
"['o', 'i']",2.6027580342011998
"['o', 'a']",2.3488378217860792
"['u', 'e']",2.2342118700267384
"['u', 'i']",1.97402219322311
"['u', 'a']",2.993322065943161
"['e', 'i']",3.1896558105308634
"['e', 'a']",3.2266033747889287
"['i', 'a']",4.049423277898615
